"","X","영화명","개봉일","매출액","관객수","스크린수","대표국적","배급사","영화명_공백X","영화코드","장르","main_genre"
"1",1,"명량",20140730,135748398910,17613682,1587,"한국","씨제이이앤엠(주)","명량",20129370,"사극 액션","사극"
"2",2,"극한직업",20190123,139647979516,16264944,1978,"한국","씨제이이앤엠(주)","극한직업",20182530,"코미디","코미디"
"3",3,"신과함께-죄와 벌",20171220,115698654137,14410754,1912,"한국","롯데쇼핑㈜롯데엔터테인먼트","신과함께-죄와벌",20150976,"판타지 드라마","판타지"
"4",4,"국제시장",20141217,110913469630,14257115,966,"한국","씨제이이앤엠(주)","국제시장",20137048,"드라마","드라마"
"5",5,"베테랑",20150805,105168155250,13414009,1064,"한국","씨제이이앤엠(주)","베테랑",20148048,"액션 드라마","액션"
"6",6,"괴물",20060727,133000912782,13019740,167,"한국","(주)쇼박스","괴물",20060151,"SF 가족 드라마","SF"
"7",7,"도둑들",20120725,93665568500,12983330,1072,"한국","(주)쇼박스","도둑들",20124034,"액션 범죄","액션"
"8",8,"7번방의 선물",20130123,91431914670,12811206,787,"한국","(주)넥스트엔터테인먼트월드(NEW)","7번방의선물",20127593,"코미디 드라마","코미디"
"9",9,"암살",20150722,98463132781,12705700,1519,"한국","(주)쇼박스","암살",20148851,"액션 드라마","액션"
"10",10,"광해, 왕이 된 남자",20120913,88900208769,12319542,810,"한국","씨제이이앤엠(주)","광해,왕이된남자",20124079,"사극 드라마","사극"
"11",11,"왕의 남자",20051229,122816592144,12302831,94,"한국","(주)시네마서비스","왕의남자",20050333,"드라마","드라마"
"12",12,"신과함께-인과 연",20180801,102666146909,12274996,2235,"한국","롯데컬처웍스(주)롯데엔터테인먼트","신과함께-인과연",20186202,"판타지 드라마","판타지"
"13",13,"택시운전사",20170802,95855737149,12186684,1906,"한국","(주)쇼박스","택시운전사",20162869,"드라마","드라마"
"14",14,"태극기 휘날리며",20040205,108815603454,11746135,110,"한국","(주)쇼박스","태극기휘날리며",20030371,"전쟁 드라마","전쟁"
"15",15,"부산행",20160720,93178283048,11565479,1788,"한국","(주)넥스트엔터테인먼트월드(NEW)","부산행",20156564,"액션 스릴러","액션"
"16",16,"해운대",20090722,81934638201,11453338,753,"한국","씨제이엔터테인먼트","해운대",20090074,"액션 드라마 어드벤처","액션"
"17",17,"변호인",20131218,82871759300,11374610,923,"한국","(주)넥스트엔터테인먼트월드(NEW)","변호인",20134803,"드라마","드라마"
"18",18,"실미도",20031224,107655475365,11081000,83,"한국","(주)시네마서비스","실미도",20030410,"전쟁","전쟁"
"19",19,"기생충",20190530,85883963645,10085275,1948,"한국","씨제이이앤엠(주)","기생충",20183782,"드라마","드라마"
"20",20,"검사외전",20160203,77319445264,9707158,1812,"한국","(주)쇼박스","검사외전",20145507,"범죄 코미디","범죄"
"21",21,"엑시트",20190731,79232012162,9426011,1660,"한국","씨제이이앤엠(주)","엑시트",20184621,"코미디 액션","코미디"
"22",22,"설국열차",20130801,67010077500,9349991,1128,"한국","씨제이이앤엠(주)","설국열차",20126674,"SF 액션","SF"
"23",23,"관상",20130911,66005451500,9134586,1190,"한국","(주)쇼박스","관상",20126091,"사극 드라마","사극"
"24",24,"해적: 바다로 간 산적",20140806,66370682706,8666046,838,"한국","롯데쇼핑㈜롯데엔터테인먼트","해적:바다로간산적",20136064,"어드벤처","어드벤처"
"25",25,"수상한 그녀",20140122,62696639249,8656397,692,"한국","씨제이이앤엠(주)","수상한그녀",20131102,"드라마","드라마"
"26",26,"국가대표",20090729,60896633308,8487894,580,"한국","(주)쇼박스","국가대표",20090307,"드라마 액션 코미디","드라마"
"27",27,"디워",20070801,101289181959,8426973,148,"한국","(주)쇼박스","디워",20070316,"액션 판타지","액션"
"28",28,"과속스캔들",20081203,53940101534,8245523,405,"한국","롯데쇼핑㈜롯데엔터테인먼트","과속스캔들",20081672,"코미디","코미디"
"29",29,"웰컴 투 동막골",20050804,98312056740,8008622,114,"한국","(주)쇼박스","웰컴투동막골",20050180,"전쟁 드라마","전쟁"
"30",30,"공조",20170118,63781731326,7817446,976,"한국","씨제이이앤엠(주)","공조",20151228,"액션","액션"
"31",31,"히말라야",20151216,60173583015,7759473,1009,"한국","씨제이이앤엠(주)","히말라야",20136068,"드라마","드라마"
"32",32,"밀정",20160907,61269783831,7500420,1444,"한국","워너브러더스 코리아(주)","밀정",20159646,"액션","액션"
"33",33,"최종병기 활",20110810,55827861500,7470633,615,"한국","롯데쇼핑㈜롯데엔터테인먼트","최종병기활",20110302,"사극 액션","사극"
"34",34,"써니",20110504,54034235100,7362467,472,"한국","씨제이이앤엠(주)","써니",20110193,"드라마 코미디","드라마"
"35",35,"화려한 휴가",20070725,98037124830,7307993,116,"한국","씨제이엔터테인먼트","화려한휴가",20070209,"드라마","드라마"
"36",36,"1987",20171227,58165581145,7231638,1299,"한국","씨제이이앤엠(주)","1987",20170590,"드라마","드라마"
"37",37,"베를린",20130130,52354931637,7166199,894,"한국","씨제이이앤엠(주)","베를린",20124083,"액션","액션"
"38",38,"마스터",20161221,58067927865,7150541,1501,"한국","씨제이이앤엠(주)","마스터",20161725,"액션 범죄","액션"
"39",39,"터널",20160810,57529484417,7120508,1105,"한국","(주)쇼박스","터널",20154910,"드라마","드라마"
"40",40,"내부자들",20151119,56598130057,7072021,1075,"한국","(주)쇼박스","내부자들",20149314,"범죄 드라마","범죄"
"41",41,"인천상륙작전",20160727,55101410303,7049643,1049,"한국","씨제이이앤엠(주)","인천상륙작전",20156250,"전쟁 드라마","전쟁"
"42",42,"럭키",20161013,56444461256,6975290,1158,"한국","(주)쇼박스","럭키",20153444,"코미디","코미디"
"43",43,"은밀하게 위대하게",20130605,48700887413,6959083,1341,"한국","(주)쇼박스","은밀하게위대하게",20126672,"액션 코미디 드라마","액션"
"44",44,"곡성",20160512,55863520382,6879908,1485,"한국","이십세기폭스코리아(주)","곡성",20140194,"미스터리 스릴러 드라마","미스터리"
"45",45,"범죄도시",20171003,56318014149,6879841,1315,"한국","메가박스중앙(주)플러스엠,(주)키위미디어그룹","범죄도시",20172742,"범죄 액션","범죄"
"46",46,"타짜",20060928,96737416506,6847777,147,"한국","씨제이엔터테인먼트","타짜",20060277,"드라마","드라마"
"47",47,"좋은 놈, 나쁜 놈, 이상한 놈",20080717,43768628939,6686912,825,"한국","씨제이엔터테인먼트","좋은놈,나쁜놈,이상한놈",20072152,"서부극(웨스턴) 액션 어드벤처","서부극(웨스턴)"
"48",48,"늑대소년",20121031,46593107500,6654837,706,"한국","씨제이이앤엠(주)","늑대소년",20124054,"멜로/로맨스 드라마 판타지","멜로/로맨스"
"49",49,"미녀는 괴로워",20061214,95940740700,6619498,93,"한국","(주)쇼박스","미녀는괴로워",20060387,"멜로/로맨스 코미디","멜로/로맨스"
"50",50,"군함도",20170726,50510565168,6592151,2027,"한국","씨제이이앤엠(주)","군함도",20161481,"액션 드라마","액션"
"51",51,"백두산",20191219,52908739070,6290806,1971,"한국","씨제이이앤엠(주),(주)덱스터스튜디오","백두산",20192206,"어드벤처 드라마","어드벤처"
"52",52,"아저씨",20100804,47870792359,6282774,478,"한국","씨제이엔터테인먼트","아저씨",20100214,"액션 드라마","액션"
"53",53,"사도",20150916,48842902501,6246849,1210,"한국","(주)쇼박스","사도",20148846,"사극","사극"
"54",54,"전우치",20091223,44605437017,6136928,606,"한국","씨제이엔터테인먼트","전우치",20090077,"액션 코미디 판타지","액션"
"55",55,"투사부일체",20060119,93024861642,6105431,93,"한국","씨제이엔터테인먼트","투사부일체",20050363,"코미디","코미디"
"56",56,"연평해전",20150624,45563228330,6043784,1013,"한국","(주)넥스트엔터테인먼트월드(NEW)","연평해전",20134798,"드라마","드라마"
"57",57,"쉬리",19990213,92898676881,5820000,NA,"한국",NA,"쉬리",19990084,"액션 드라마 멜로/로맨스 미스터리","액션"
"58",58,"청년경찰",20170809,44381150516,5653270,1102,"한국","롯데쇼핑㈜롯데엔터테인먼트","청년경찰",20162442,"액션","액션"
"59",59,"가문의 위기(가문의 영광2)",20050907,92688494796,5635266,101,"한국","(주)쇼박스","가문의위기(가문의영광2)",20050219,"코미디","코미디"
"60",60,"숨바꼭질",20130814,39602987500,5604104,779,"한국","(주)넥스트엔터테인먼트월드(NEW)","숨바꼭질",20136049,"스릴러","스릴러"
"61",61,"덕혜옹주",20160803,44393828109,5599229,964,"한국","롯데쇼핑㈜롯데엔터테인먼트","덕혜옹주",20150979,"사극 드라마","사극"
"62",62,"더 테러 라이브",20130731,39866712881,5583596,743,"한국","롯데쇼핑㈜롯데엔터테인먼트","더테러라이브",20136052,"범죄 기타","범죄"
"63",63,"감시자들",20130703,39380162179,5508017,949,"한국","(주)넥스트엔터테인먼트월드(NEW)","감시자들",20122783,"범죄 액션","범죄"
"64",64,"의형제",20100204,40800867602,5507106,572,"한국","(주)쇼박스","의형제",20090904,"드라마 액션","드라마"
"65",65,"검은 사제들",20151105,42407832092,5442553,1088,"한국","씨제이이앤엠(주)","검은사제들",20145503,"미스터리 드라마","미스터리"
"66",66,"안시성",20180919,46335334026,5440186,1540,"한국","(주)넥스트엔터테인먼트월드(NEW)","안시성",20176122,"사극 액션","사극"
"67",67,"더 킹",20170118,43486078535,5316325,1310,"한국","(주)넥스트엔터테인먼트월드(NEW)","더킹",20151229,"범죄 드라마","범죄"
"68",68,"완득이",20111020,38530503500,5310510,500,"한국","씨제이이앤엠(주)","완득이",20112695,"드라마","드라마"
"69",69,"완벽한 타인",20181031,44356752474,5294119,1313,"한국","롯데컬처웍스(주)롯데엔터테인먼트","완벽한타인",20177538,"드라마 코미디","드라마"
"70",70,"살인의 추억",20030425,92021650884,5255376,54,"한국","씨제이엔터테인먼트","살인의추억",20030046,"스릴러","스릴러"
"71",71,"타워",20121225,37654858000,5181014,617,"한국","씨제이이앤엠(주)","타워",20124039,"드라마","드라마"
"72",72,"말아톤",20050127,88695065385,5148022,73,"한국","(주)쇼박스","말아톤",20040785,"드라마","드라마"
"73",73,"추격자",20080214,33943278500,5071619,435,"한국","(주)쇼박스","추격자",20080046,"범죄 스릴러 액션","범죄"
"74",74,"독전",20180522,43484892913,5063620,1357,"한국","(주)넥스트엔터테인먼트월드(NEW)","독전",20179383,"범죄 액션","범죄"
"75",75,"공작",20180808,42788691176,4974512,1317,"한국","씨제이이앤엠(주)","공작",20179101,"드라마","드라마"
"76",76,"동갑내기 과외하기",20030207,87330931929,4937573,54,"한국","씨제이엔터테인먼트","동갑내기과외하기",20030004,"코미디","코미디"
"77",77,"바람과 함께 사라지다",20120808,34614661161,4909937,694,"한국","(주)넥스트엔터테인먼트월드(NEW)","바람과함께사라지다",20124067,"코미디 사극","코미디"
"78",78,"봉오동 전투",20190807,40588648538,4787538,1476,"한국","(주)쇼박스","봉오동전투",20184462,"사극 액션 드라마","사극"
"79",79,"조선명탐정 : 각시투구꽃의 비밀",20110127,35841769500,4786259,611,"한국","(주)쇼박스","조선명탐정:각시투구꽃의비밀",20102414,"코미디 액션","코미디"
"80",80,"군도: 민란의 시대",20140723,36987755999,4774895,1394,"한국","(주)쇼박스","군도:민란의시대",20123501,"사극 액션","사극"
"81",81,"범죄와의 전쟁: 나쁜놈들 전성시대",20120202,36538823500,4719872,699,"한국","(주)쇼박스","범죄와의전쟁:나쁜놈들전성시대",20113557,"범죄 드라마","범죄"
"82",82,"신세계",20130221,34881330905,4682492,671,"한국","(주)넥스트엔터테인먼트월드(NEW)","신세계",20181651,"드라마","드라마"
"83",83,"도가니",20110922,35566854800,4662822,644,"한국","씨제이이앤엠(주)","도가니",20112534,"드라마","드라마"
"84",84,"내 아내의 모든 것",20120517,34222160500,4598583,563,"한국","(주)넥스트엔터테인먼트월드(NEW)","내아내의모든것",20113554,"코미디 멜로/로맨스","코미디"
"85",85,"판도라",20161207,36064461064,4583645,1166,"한국","(주)넥스트엔터테인먼트월드(NEW)","판도라",20154743,"기타","기타"
"86",86,"나쁜 녀석들: 더 무비",20190911,39560195124,4573902,1511,"한국","씨제이이앤엠(주)","나쁜녀석들:더무비",20188750,"범죄 액션","범죄"
"87",87,"연가시",20120705,32175400664,4515833,759,"한국","씨제이이앤엠(주)","연가시",20124062,"공포(호러) SF","공포(호러)"
"88",88,"강철비",20171214,35489576466,4452740,1426,"한국","(주)넥스트엔터테인먼트월드(NEW)","강철비",20170402,"액션 드라마","액션"
"89",89,"강철중: 공공의 적 1-1",20080619,28465757767,4300670,659,"한국","씨제이엔터테인먼트,(주)시네마서비스","강철중:공공의적1-1",20080736,"드라마 액션","드라마"
"90",90,"아가씨",20160601,35211229991,4287839,1171,"한국","씨제이이앤엠(주)","아가씨",20144444,"스릴러 드라마","스릴러"
"91",91,"용의자",20131224,30037161000,4131248,807,"한국","(주)쇼박스","용의자",20124938,"액션 스릴러","액션"
"92",92,"건축학개론",20120322,30219800500,4110645,593,"한국","롯데쇼핑㈜롯데엔터테인먼트","건축학개론",20124074,"멜로/로맨스 드라마","멜로/로맨스"
"93",93,"태풍",20051214,86484155238,4094395,115,"한국","씨제이엔터테인먼트","태풍",20050326,"드라마 액션","드라마"
"94",94,"7급 공무원",20090422,26701311856,4088799,475,"한국","롯데쇼핑㈜롯데엔터테인먼트","7급공무원",20081737,"코미디 액션 드라마 범죄","코미디"
"95",95,"색즉시공",20021211,85889680110,4082797,41,"한국","(주)쇼박스","색즉시공",20020236,"코미디","코미디"
"96",96,"댄싱퀸",20120118,30129259500,4057546,534,"한국","씨제이이앤엠(주)","댄싱퀸",20113743,"코미디 드라마","코미디"
"97",97,"우리 생애 최고의 순간",20080110,26151780425,4044582,418,"한국","(주)싸이더스","우리생애최고의순간",20070382,"드라마","드라마"
"98",98,"꾼",20171122,31313568795,4018341,1314,"한국","(주)쇼박스","꾼",20165748,"범죄","범죄"
"99",99,"타짜-신의 손",20140903,32373120927,4015361,890,"한국","롯데쇼핑㈜롯데엔터테인먼트,(주)싸이더스","타짜-신의손",20134804,"드라마","드라마"
"100",100,"공공의 적 2",20050127,83672631000,3911356,95,"한국","(주)시네마서비스","공공의적2",20040786,"드라마","드라마"
"101",101,"박수건달",20130109,28379548569,3897969,599,"한국","(주)쇼박스","박수건달",20124935,"코미디","코미디"
"102",102,"한반도",20060713,76153911525,3880308,126,"한국","씨제이엔터테인먼트","한반도",20060147,"드라마 액션","드라마"
"103",103,"조선명탐정 : 사라진 놉의 딸",20150211,30456879428,3872015,811,"한국","(주)쇼박스","조선명탐정:사라진놉의딸",20149570,"사극 코미디 어드벤처","사극"
"104",104,"역린",20140430,29893297890,3849433,1054,"한국","롯데쇼핑㈜롯데엔터테인먼트","역린",20139183,"사극","사극"
"105",105,"남한산성",20171003,31225083792,3849087,1229,"한국","씨제이이앤엠(주)","남한산성",20165450,"사극 드라마","사극"
"106",106,"암수살인",20181003,32995138548,3789321,1177,"한국","(주)쇼박스","암수살인",20179189,"범죄 드라마","범죄"
"107",107,"쌍화점",20081230,25616489949,3779553,499,"한국","(주)쇼박스","쌍화점",20081716,"드라마","드라마"
"108",108,"국가부도의 날",20181128,30891765837,3754983,1180,"한국","씨제이이앤엠(주)","국가부도의날",20177552,"드라마","드라마"
"109",109,"신기전",20080904,24314570667,3726134,585,"한국","씨제이엔터테인먼트","신기전",20081001,"사극 드라마 액션 전쟁","사극"
"110",110,"82년생 김지영",20191023,30298542310,3678156,1486,"한국","롯데컬처웍스(주)롯데엔터테인먼트","82년생김지영",20191029,"드라마","드라마"
"111",111,"친절한 금자씨",20050729,73298750058,3650000,127,"한국","씨제이엔터테인먼트","친절한금자씨",20050148,"스릴러","스릴러"
"112",112,"귀향",20160224,27248705990,3586929,876,"한국","(주)와우픽쳐스","귀향",20161364,"드라마","드라마"
"113",113,"신의 한 수",20140703,28810921456,3566336,794,"한국","(주)쇼박스","신의한수",20139201,"범죄 액션","범죄"
"114",114,"스캔들-조선남녀상열지사",20031002,71175809061,3522747,76,"한국","씨제이엔터테인먼트","스캔들-조선남녀상열지사",20030127,"사극","사극"
"115",115,"가문의 부활 - 가문의 영광3",20060921,70601782041,3464516,114,"한국","(주)쇼박스","가문의부활-가문의영광3",20060257,"코미디","코미디"
"116",116,"부러진 화살",20120118,25936754000,3459780,453,"한국","(주)넥스트엔터테인먼트월드(NEW)","부러진화살",20113535,"드라마","드라마"
"117",117,"끝까지 간다",20140529,27007303900,3450305,645,"한국","(주)쇼박스","끝까지간다",20130442,"액션 스릴러 범죄","액션"
"118",118,"스파이",20130905,24509269305,3435801,785,"한국","씨제이이앤엠(주)","스파이",20124086,"액션","액션"
"119",119,"그것만이 내 세상",20180117,27444525382,3418043,862,"한국","씨제이이앤엠(주)","그것만이내세상",20176104,"코미디 드라마","코미디"
"120",120,"이끼",20100714,25856306126,3408144,736,"한국","씨제이엔터테인먼트","이끼",20100209,"드라마 스릴러","드라마"
"121",121,"돈",20190320,28869614062,3389035,1431,"한국","(주)쇼박스","돈",20176103,"범죄","범죄"
"122",122,"포화속으로",20100616,24217600897,3385706,736,"한국","롯데쇼핑㈜롯데엔터테인먼트","포화속으로",20100296,"드라마 전쟁","드라마"
"123",123,"악인전",20190515,29130540150,3364360,1307,"한국","(주)에이스메이커무비웍스,(주)키위미디어그룹","악인전",20188941,"범죄 액션","범죄"
"124",124,"아이 캔 스피크",20170921,25532214986,3280243,1140,"한국","롯데쇼핑㈜롯데엔터테인먼트,(주)리틀빅픽쳐스","아이캔스피크",20174142,"코미디","코미디"
"125",125,"마녀",20180627,27242029463,3189091,1117,"한국","워너브러더스 코리아(주)","마녀",20185341,"미스터리 액션","미스터리"
"126",126,"탐정: 리턴즈",20180613,26909459678,3152872,1041,"한국","씨제이이앤엠(주)","탐정:리턴즈",20178161,"코미디 범죄","코미디"
"127",127,"어린 신부",20040402,68975258886,3149500,50,"한국","코리아픽쳐스(주)","어린신부",20040481,"코미디","코미디"
"128",128,"오! 브라더스",20030904,65437313346,3148748,51,"한국","(주)쇼박스","오!브라더스",20030133,"코미디","코미디"
"129",129,"장화, 홍련",20030613,65364453747,3146217,52,"한국","영화사청어람(주)","장화,홍련",20030131,"공포(호러)","공포(호러)"
"130",130,"그놈 목소리",20070201,64092087594,3143247,110,"한국","씨제이엔터테인먼트","그놈목소리",20070015,"드라마 스릴러","드라마"
"131",131,"우리들의 행복한 시간",20060914,63632073123,3132320,118,"한국","(주)프라임엔터테인먼트","우리들의행복한시간",20060244,"드라마","드라마"
"132",132,"퀵",20110720,22960890000,3125069,512,"한국","씨제이이앤엠(주)","퀵",20110290,"코미디 액션","코미디"
"133",133,"감기",20130814,21784202000,3119023,806,"한국","아이러브시네마","감기",20124937,"드라마 어드벤처 액션","드라마"
"134",134,"말죽거리 잔혹사",20040116,62261944173,3115767,67,"한국","씨제이엔터테인먼트","말죽거리잔혹사",20030433,"액션 멜로/로맨스","액션"
"135",135,"광복절 특사",20021120,60473104722,3101900,71,"한국","(주)시네마서비스","광복절특사",20020220,"드라마 코미디","드라마"
"136",136,"마파도",20050310,59029534746,3090467,58,"한국","씨제이엔터테인먼트","마파도",20040778,"코미디","코미디"
"137",137,"하모니",20100128,21992266198,3068544,405,"한국","씨제이엔터테인먼트","하모니",20090914,"드라마","드라마"
"138",138,"거북이 달린다",20090611,20857347292,3059812,379,"한국","(주)쇼박스","거북이달린다",20090297,"드라마 액션 범죄","드라마"
"139",139,"너는 내 운명",20050923,58591780623,3051134,92,"한국","씨제이엔터테인먼트","너는내운명",20050239,"멜로/로맨스","멜로/로맨스"
"140",140,"스물",20150325,23558988686,3044134,926,"한국","(주)넥스트엔터테인먼트월드(NEW)","스물",20148845,"코미디 드라마","코미디"
"141",141,"식객",20071101,56635671420,3038868,88,"한국","씨제이엔터테인먼트","식객",20070435,"드라마","드라마"
"142",142,"방자전",20100602,22853629794,3035116,512,"한국","씨제이엔터테인먼트","방자전",20090927,"사극 코미디 멜로/로맨스","사극"
"143",143,"마더",20090528,20195373838,3013523,648,"한국","씨제이엔터테인먼트","마더",20090248,"드라마","드라마"
"144",144,"오싹한 연애",20111201,22010977000,3009356,469,"한국","씨제이이앤엠(주)","오싹한연애",20113381,"공포(호러) 멜로/로맨스 코미디","공포(호러)"
"145",145,"형",20161123,23129111893,2982022,993,"한국","씨제이이앤엠(주)","형",20154661,"코미디 드라마","코미디"
"146",146,"친구 2",20131114,21804687513,2971475,968,"한국","롯데쇼핑㈜롯데엔터테인먼트","친구2",20137044,"액션","액션"
"147",147,"26년",20121129,21241327145,2963449,604,"한국","(주)인벤트스톤,영화사청어람(주)","26년",20088506,"액션 드라마","액션"
"148",148,"고지전",20110720,21968557600,2945137,585,"한국","(주)쇼박스","고지전",20119515,"드라마 전쟁","드라마"
"149",149,"프리즌",20170323,23790276987,2931897,1047,"한국","(주)쇼박스","프리즌",20162181,"범죄 액션","범죄"
"150",150,"가장 보통의 연애",20191002,24885803430,2924563,1073,"한국","(주)넥스트엔터테인먼트월드(NEW)","가장보통의연애",20195920,"멜로/로맨스 코미디","멜로/로맨스"
"151",151,"헬로우 고스트",20101222,21154651779,2897477,472,"한국","(주)넥스트엔터테인먼트월드(NEW)","헬로우고스트",20101223,"코미디 드라마","코미디"
"152",152,"귀신이 산다",20040917,56410749783,2890000,70,"한국","(주)시네마서비스","귀신이산다",20040649,"코미디 공포(호러) 판타지","코미디"
"153",153,"말모이",20190109,23987145520,2866020,1203,"한국","롯데컬처웍스(주)롯데엔터테인먼트","말모이",20184105,"드라마","드라마"
"154",154,"극비수사",20150618,22389535897,2860786,894,"한국","(주)쇼박스","극비수사",20148855,"드라마 범죄","드라마"
"155",155,"표적",20140430,22256359300,2841788,665,"한국","씨제이이앤엠(주)","표적",20139164,"액션 드라마","액션"
"156",156,"너의 결혼식",20180822,23676244369,2820969,962,"한국","메가박스중앙(주)플러스엠","너의결혼식",20153446,"멜로/로맨스","멜로/로맨스"
"157",157,"황산벌",20031017,55593988317,2771236,71,"한국","(주)씨네월드","황산벌",20030154,"코미디","코미디"
"158",158,"부당거래",20101028,21326977937,2766436,502,"한국","씨제이엔터테인먼트","부당거래",20100213,"범죄 드라마","범죄"
"159",159,"1번가의 기적",20070214,55182655143,2750457,80,"한국","씨제이엔터테인먼트","1번가의기적",20070014,"드라마 코미디","드라마"
"160",160,"시라노; 연애조작단",20100916,20171151599,2731828,402,"한국","롯데쇼핑㈜롯데엔터테인먼트","시라노;연애조작단",20100834,"멜로/로맨스 코미디","멜로/로맨스"
"161",161,"내가 살인범이다",20121108,20392346000,2729808,547,"한국","(주)쇼박스","내가살인범이다",20124075,"액션 스릴러","액션"
"162",162,"소원",20131002,18529792100,2711071,641,"한국","롯데쇼핑㈜롯데엔터테인먼트","소원",20134582,"드라마","드라마"
"163",163,"친구",20010331,54606098538,2678846,NA,"한국",NA,"친구",20010040,"드라마","드라마"
"164",164,"곤지암",20180328,21442114144,2675559,1124,"한국","(주)쇼박스","곤지암",20180804,"공포(호러) 스릴러","공포(호러)"
"165",165,"살인자의 기억법",20170906,21375287492,2658589,1064,"한국","(주)쇼박스","살인자의기억법",20154909,"범죄 스릴러","범죄"
"166",166,"후궁 : 제왕의 첩",20120606,19330302500,2636320,624,"한국","롯데쇼핑㈜롯데엔터테인먼트","후궁:제왕의첩",20113533,"사극 멜로/로맨스","사극"
"167",167,"탐정 : 더 비기닝",20150924,20463956973,2625686,764,"한국","씨제이이앤엠(주)","탐정:더비기닝",20156557,"코미디 범죄","코미디"
"168",168,"지금 만나러 갑니다",20180314,20800916128,2602273,1163,"한국","롯데쇼핑㈜롯데엔터테인먼트","지금만나러갑니다",20170669,"멜로/로맨스","멜로/로맨스"
"169",169,"위험한 상견례",20110331,19174920500,2595625,524,"한국","롯데쇼핑㈜롯데엔터테인먼트","위험한상견례",20119618,"코미디 멜로/로맨스","코미디"
"170",170,"아수라",20160928,20576226662,2594028,1278,"한국","씨제이이앤엠(주)","아수라",20153443,"범죄 액션","범죄"
"171",171,"보안관",20170503,20844405409,2588617,1091,"한국","롯데쇼핑㈜롯데엔터테인먼트","보안관",20162722,"범죄 코미디","범죄"
"172",172,"굿모닝 프레지던트",20091022,18770889320,2583294,586,"한국","씨제이엔터테인먼트","굿모닝프레지던트",20090605,"코미디 드라마","코미디"
"173",173,"음란서생",20060223,54111968649,2576022,84,"한국","씨제이엔터테인먼트","음란서생",20050355,"사극 코미디","사극"
"174",174,"내 머리 속의 지우개",20041105,53993735091,2565078,68,"한국","씨제이엔터테인먼트","내머리속의지우개",20040673,"멜로/로맨스","멜로/로맨스"
"175",175,"기술자들",20141224,19894297783,2564340,641,"한국","롯데쇼핑㈜롯데엔터테인먼트","기술자들",20149265,"범죄 액션","범죄"
"176",176,"증인",20190213,20477262331,2534075,1047,"한국","롯데컬처웍스(주)롯데엔터테인먼트","증인",20185881,"드라마","드라마"
"177",177,"내 생애 가장 아름다운 일주일",20051007,53766955908,2533103,105,"한국","씨제이엔터테인먼트","내생애가장아름다운일주일",20050232,"멜로/로맨스","멜로/로맨스"
"178",178,"시동",20191218,21237632100,2526118,1515,"한국","(주)넥스트엔터테인먼트월드(NEW)","시동",20198414,"드라마","드라마"
"179",179,"목격자",20180815,21733771597,2524333,1021,"한국","(주)넥스트엔터테인먼트월드(NEW)","목격자",20170670,"스릴러","스릴러"
"180",180,"조작된 도시",20170209,20138295587,2514943,1019,"한국","씨제이이앤엠(주)","조작된도시",20150964,"범죄 액션","범죄"
"181",181,"공동경비구역 JSA",20000908,53400830571,2513540,NA,"한국","씨제이엔터테인먼트","공동경비구역JSA",20000044,"드라마 미스터리","드라마"
"182",182,"우리 형",20041008,53231854293,2479585,77,"한국","씨제이엔터테인먼트","우리형",20040628,"드라마","드라마"
"183",183,"블랙머니",20191113,20863134010,2478964,1117,"한국","(주)에이스메이커무비웍스","블랙머니",20195002,"범죄 드라마","범죄"
"184",184,"반창꼬",20121219,17911274787,2475797,466,"한국","(주)넥스트엔터테인먼트월드(NEW)","반창꼬",20124399,"멜로/로맨스","멜로/로맨스"
"185",185,"박수칠 때 떠나라",20050811,52670414790,2475291,78,"한국","(주)시네마서비스","박수칠때떠나라",20050178,"드라마 코미디 미스터리","드라마"
"186",186,"선생 김봉두",20030328,52548035733,2472135,60,"한국","(주)시네마서비스","선생김봉두",20030029,"코미디","코미디"
"187",187,"조선명탐정: 흡혈괴마의 비밀",20180208,19822724764,2444123,1249,"한국","(주)쇼박스","조선명탐정:흡혈괴마의비밀",20179205,"사극 어드벤처 코미디","사극"
"188",188,"화차",20120308,18459203000,2436400,548,"한국","필라멘트픽쳐스","화차",20124050,"미스터리","미스터리"
"189",189,"이웃사람",20120822,18087442369,2434099,600,"한국","롯데쇼핑㈜롯데엔터테인먼트","이웃사람",20125920,"스릴러","스릴러"
"190",190,"광식이 동생 광태",20051123,51950185308,2430200,83,"한국","(주)엠케이픽처스","광식이동생광태",20050292,"코미디","코미디"
"191",191,"재심",20170215,19264792637,2421011,935,"한국","오퍼스픽쳐스(유),CGV아트하우스","재심",20166421,"드라마","드라마"
"192",192,"사바하",20190220,20007508194,2398519,1174,"한국","씨제이이앤엠(주)","사바하",20177539,"미스터리 스릴러","미스터리"
"193",193,"화이: 괴물을 삼킨 아이",20131009,17695516795,2394466,817,"한국","(주)쇼박스","화이:괴물을삼킨아이",20123383,"액션 스릴러","액션"
"194",194,"의뢰인",20110929,17797042500,2393086,522,"한국","(주)쇼박스","의뢰인",20110613,"스릴러","스릴러"
"195",195,"가문의 영광4 - 가문의 수난",20110907,17792219500,2368267,537,"한국","(주)넥스트엔터테인먼트월드(NEW)","가문의영광4-가문의수난",20112272,"코미디","코미디"
"196",196,"블라인드",20110810,18387176500,2367272,404,"한국","(주)넥스트엔터테인먼트월드(NEW)","블라인드",20110297,"스릴러","스릴러"
"197",197,"박열",20170628,18093543795,2359174,1176,"한국","메가박스중앙(주)플러스엠","박열",20178982,"드라마","드라마"
"198",198,"맨발의 기봉이",20060426,51949679391,2347311,71,"한국","(주)쇼박스","맨발의기봉이",20060005,"드라마 코미디 가족","드라마"
"199",199,"바람의 파이터",20040812,51707564127,2346446,41,"한국","영화사청어람(주)","바람의파이터",20040596,"액션","액션"
"200",200,"작업의 정석",20051221,50492872512,2342232,75,"한국","(주)쇼박스","작업의정석",20050330,"코미디","코미디"
"201",201,"첫사랑 사수 궐기 대회",20030627,50250674187,2339410,70,"한국","(주)시네마서비스","첫사랑사수궐기대회",20030123,"코미디","코미디"
"202",202,"미인도",20081113,15531621371,2325715,463,"한국","씨제이엔터테인먼트","미인도",20081611,"사극 드라마 멜로/로맨스","사극"
"203",203,"라스트 갓파더",20101229,16832542997,2316099,547,"한국","씨제이엔터테인먼트","라스트갓파더",20101209,"코미디","코미디"
"204",204,"주유소 습격사건",19991002,49983829398,2310000,NA,"한국","(주)시네마서비스","주유소습격사건",19990067,"코미디 액션","코미디"
"205",205,"하녀",20100513,17310669976,2304487,577,"한국","(주)싸이더스","하녀",20100188,"스릴러 멜로/로맨스","스릴러"
"206",206,"달콤, 살벌한 연인",20060406,49777332201,2286745,60,"한국","씨제이엔터테인먼트","달콤,살벌한연인",20060068,"스릴러 멜로/로맨스","스릴러"
"207",207,"혈의 누",20050504,47501876106,2274995,98,"한국","(주)시네마서비스","혈의누",20050076,"스릴러","스릴러"
"208",208,"극락도 살인사건",20070412,47441226474,2259511,85,"한국","(주)엠케이픽처스 ,(주)두엔터테인먼트","극락도살인사건",20070104,"공포(호러) 미스터리 스릴러","공포(호러)"
"209",209,"위대한 유산",20031024,47169956799,2251491,57,"한국","씨제이엔터테인먼트","위대한유산",20166178,"드라마","드라마"
"210",210,"7광구",20110804,19391653500,2242510,812,"한국","씨제이이앤엠(주)","7광구",20119513,"SF 액션 스릴러","SF"
"211",211,"박쥐",20090430,15051788827,2237271,462,"한국","씨제이엔터테인먼트","박쥐",20081003,"공포(호러) 드라마","공포(호러)"
"212",212,"타짜: 원 아이드 잭",20190911,19687029214,2229239,1429,"한국","롯데컬처웍스(주)롯데엔터테인먼트","타짜:원아이드잭",20184572,"범죄 드라마","범죄"
"213",213,"싱글즈",20030711,46339943328,2203042,58,"한국","영화사청어람(주)","싱글즈",20030088,"코미디","코미디"
"214",214,"마당을 나온 암탉",20110728,14669905500,2201722,345,"한국","롯데쇼핑㈜롯데엔터테인먼트","마당을나온암탉",20110279,"애니메이션","애니메이션"
"215",215,"내 여자친구를 소개합니다",20040603,46102109481,2199359,75,"한국","씨제이엔터테인먼트,아이러브시네마","내여자친구를소개합니다",20040568,"멜로/로맨스 드라마","멜로/로맨스"
"216",216,"댄서의 순정",20050428,45636612984,2197555,68,"한국","쇼이스트(주)","댄서의순정",20050077,"드라마","드라마"
"217",217,"악의 연대기",20150514,17361815332,2192525,776,"한국","씨제이이앤엠(주)","악의연대기",20149569,"스릴러","스릴러"
"218",218,"강남 1970",20150121,17717971499,2192172,841,"한국","(주)쇼박스","강남1970",20136888,"액션 드라마","액션"
"219",219,"바르게 살자",20071018,43946820000,2190250,79,"한국","씨제이엔터테인먼트","바르게살자",20070434,"코미디 드라마","코미디"
"220",220,"늑대의 유혹",20040722,42687841770,2189453,40,"한국","(주)쇼박스","늑대의유혹",20040576,"드라마","드라마"
"221",221,"황해",20101222,16765970362,2167426,618,"한국","(주)쇼박스,이십세기폭스코리아(주)","황해",20101222,"스릴러 액션 범죄","스릴러"
"222",222,"초능력자",20101110,15618440958,2164805,622,"한국","(주)넥스트엔터테인먼트월드(NEW)","초능력자",20101010,"SF 드라마","SF"
"223",223,"내 사랑 내 곁에",20090924,15764312409,2160265,474,"한국","씨제이엔터테인먼트","내사랑내곁에",20090329,"드라마 멜로/로맨스","드라마"
"224",224,"신의 한 수: 귀수편",20191107,18463797550,2157439,1246,"한국","씨제이이앤엠(주)","신의한수:귀수편",20181434,"범죄 액션","범죄"
"225",225,"마이 웨이",20111221,15994803000,2142622,645,"한국","에스케이플래닛(주),씨제이이앤엠(주)","마이웨이",20110295,"전쟁 액션 드라마","전쟁"
"226",226,"나의 사랑 나의 신부",20141008,16636404305,2141155,629,"한국","씨네그루(주)다우기술","나의사랑나의신부",20147930,"멜로/로맨스 코미디","멜로/로맨스"
"227",227,"범죄의 재구성",20040415,42551893566,2129358,50,"한국","(주)쇼박스","범죄의재구성",20040487,"스릴러","스릴러"
"228",228,"사랑",20070919,42316589304,2123815,78,"한국","롯데쇼핑㈜롯데엔터테인먼트","사랑",20070441,"멜로/로맨스 액션","멜로/로맨스"
"229",229,"세븐 데이즈",20071114,38146000,2120741,297,"한국","(주)프라임엔터테인먼트","세븐데이즈",20070466,"스릴러 범죄","스릴러"
"230",230,"굿바이 싱글",20160629,16912706195,2108273,841,"한국","(주)쇼박스","굿바이싱글",20150972,"코미디 드라마","코미디"
"231",231,"사생결단",20060427,42279778179,2104716,78,"한국","씨제이이앤엠(주)","사생결단",20180748,"기타","기타"
"232",232,"몽타주",20130516,15002458500,2095592,540,"한국","(주)넥스트엔터테인먼트월드(NEW)","몽타주",20189763,"미스터리 기타 범죄","미스터리"
"233",233,"색즉시공 시즌2",20071212,511288500,2088134,89,"한국","씨제이엔터테인먼트","색즉시공시즌2",20070637,"코미디","코미디"
"234",234,"명당",20180919,17900775524,2087474,1117,"한국","메가박스중앙(주)플러스엠","명당",20172204,"사극","사극"
"235",235,"내부자들: 디 오리지널",20151231,16973885275,2083999,838,"한국","(주)쇼박스","내부자들:디오리지널",20150025,"범죄 드라마","범죄"
"236",236,"쩨쩨한 로맨스",20101201,15901620661,2080574,463,"한국","롯데쇼핑㈜롯데엔터테인먼트","쩨쩨한로맨스",20101221,"코미디 멜로/로맨스","코미디"
"237",237,"청춘만화",20060323,42161733396,2066354,86,"한국","(주)쇼박스","청춘만화",20060051,"코미디 멜로/로맨스","코미디"
"238",238,"눈에는 눈 이에는 이",20080731,13414023500,2058764,445,"한국","롯데쇼핑㈜롯데엔터테인먼트","눈에는눈이에는이",20080968,"범죄 스릴러 액션","범죄"
"239",239,"뷰티 인사이드",20150820,16155795131,2054297,648,"한국","(주)넥스트엔터테인먼트월드(NEW)","뷰티인사이드",20143572,"판타지 멜로/로맨스","판타지"
"240",240,"봉이 김선달",20160706,16227052642,2051277,942,"한국","씨제이이앤엠(주)","봉이김선달",20159644,"사극","사극"
"241",241,"아라한 장풍대작전",20040430,41591036367,2050000,87,"한국","(주)시네마서비스","아라한장풍대작전",20040488,"액션 드라마","액션"
"242",242,"비열한 거리",20060615,41584157406,2047808,82,"한국","씨제이엔터테인먼트","비열한거리",20060137,"액션 범죄 드라마","액션"
"243",243,"시실리 2km",20040813,41096717703,1987380,36,"한국","(주)쇼박스","시실리2km",20040617,"코미디","코미디"
"244",244,"남자가 사랑할 때",20140122,14510222300,1979311,531,"한국","(주)넥스트엔터테인먼트월드(NEW)","남자가사랑할때",20156791,"기타","기타"
"245",245,"효자동 이발사",20040505,41078844486,1972377,65,"한국","(주)쇼박스","효자동이발사",20040483,"드라마","드라마"
"246",246,"협상",20180919,17032133166,1967721,919,"한국","씨제이이앤엠(주)","협상",20177308,"범죄","범죄"
"247",247,"가족",20040903,40143570075,1932304,44,"한국","(주)튜브엔터테인먼트","가족",20040554,"드라마","드라마"
"248",248,"애자",20090909,13785879439,1922634,262,"한국","(주)시너지하우스 (시너지)","애자",20090484,"드라마 코미디","드라마"
"249",249,"내안의 그놈",20190109,16412116567,1916855,1041,"한국","(주)메리크리스마스,TCO(주)더콘텐츠온","내안의그놈",20176251,"판타지 코미디","판타지"
"250",250,"잠복근무",20050317,40099661010,1914941,64,"한국","(주)쇼박스","잠복근무",20050013,"코미디 액션","코미디"
"251",251,"그림자 살인",20090402,12805808556,1914779,387,"한국","씨제이엔터테인먼트","그림자살인",20090156,"미스터리 스릴러 사극 범죄","미스터리"
"252",252,"오늘의 연애",20150114,14924654487,1891993,709,"한국","씨제이이앤엠(주)","오늘의연애",20142407,"멜로/로맨스 코미디","멜로/로맨스"
"253",253,"글러브",20110120,13757574500,1888100,605,"한국","씨제이엔터테인먼트","글러브",20102416,"드라마","드라마"
"254",254,"라디오 스타",20060928,39975892569,1879501,72,"한국","(주)시네마서비스","라디오스타",20060284,"드라마","드라마"
"255",255,"해결사",20100909,14063913437,1873327,524,"한국","(주)넥스트엔터테인먼트월드(NEW),(주)에스비에스콘텐츠허브","해결사",20100305,"액션 스릴러","액션"
"256",256,"코리아",20120503,13448848500,1872681,537,"한국","씨제이이앤엠(주)","코리아",19540033,"다큐멘터리","다큐멘터리"
"257",257,"아이들...",20110217,13579712500,1867849,504,"한국","롯데쇼핑㈜롯데엔터테인먼트","아이들...",20119341,"범죄 스릴러","범죄"
"258",258,"연애의 온도",20130321,13798864446,1865195,567,"한국","롯데쇼핑㈜롯데엔터테인먼트","연애의온도",20128690,"멜로/로맨스 코미디","멜로/로맨스"
"259",259,"마약왕",20181219,16222446942,1864076,1297,"한국","(주)쇼박스","마약왕",20168773,"범죄 드라마","범죄"
"260",260,"구세주",20060216,39683344176,1858668,54,"한국","쇼이스트(주)","구세주",20060019,"코미디 액션 멜로/로맨스","코미디"
"261",261,"조폭마누라2-돌아온 전설",20030905,39121836714,1858077,55,"한국","씨제이엔터테인먼트","조폭마누라2-돌아온전설",20030138,"액션","액션"
"262",262,"노무현입니다",20170525,14554935612,1854867,775,"한국","CGV아트하우스,영화사 풀","노무현입니다",20174602,"다큐멘터리","다큐멘터리"
"263",263,"집으로 가는 길",20131211,13048519745,1854625,740,"한국","씨제이이앤엠(주)","집으로가는길",20184370,"다큐멘터리","다큐멘터리"
"264",264,"악마를 보았다",20100812,14148937025,1848418,494,"한국","(주)쇼박스","악마를보았다",20100301,"스릴러","스릴러"
"265",265,"바람피기 좋은 날",20070208,38872714122,1847875,95,"한국","(주)시네마서비스","바람피기좋은날",20060421,"드라마 멜로/로맨스 코미디","드라마"
"266",266,"나의 PS 파트너",20121206,13896872616,1831725,552,"한국","씨제이이앤엠(주)","나의PS파트너",20124936,"멜로/로맨스 코미디","멜로/로맨스"
"267",267,"뺑반",20190130,15222811848,1826714,1285,"한국","(주)쇼박스","뺑반",20180868,"범죄 액션","범죄"
"268",268,"흡혈형사 나도열",20060209,38295795069,1824822,70,"한국","(주)쇼박스","흡혈형사나도열",20060017,"코미디 드라마","코미디"
"269",269,"변신",20190821,15417922925,1804112,975,"한국","(주)에이스메이커무비웍스","변신",20184543,"공포(호러) 스릴러","공포(호러)"
"270",270,"차우",20090715,12676951144,1799356,397,"한국","롯데쇼핑㈜롯데엔터테인먼트","차우",20090051,"액션 어드벤처 코미디","액션"
"271",271,"목포는 항구다",20040220,38235394620,1795700,32,"한국","코리아픽쳐스(주)","목포는항구다",20030413,"드라마 코미디","드라마"
"272",272,"아내가 결혼했다",20081023,11995855000,1788748,414,"한국","씨제이엔터테인먼트","아내가결혼했다",20081395,"멜로/로맨스 드라마","멜로/로맨스"
"273",273,"여고괴담 세번째 이야기: 여우계단",20030801,37562540112,1784479,44,"한국","(주)시네마서비스","여고괴담세번째이야기:여우계단",20030100,"공포(호러)","공포(호러)"
"274",274,"공범",20131024,12333110882,1766285,611,"한국","씨제이이앤엠(주)","공범",20129606,"스릴러 드라마","스릴러"
"275",275,"대호",20151216,13489904632,1762742,892,"한국","(주)넥스트엔터테인먼트월드(NEW)","대호",20145171,"사극","사극"
"276",276,"제보자",20141002,13515762802,1755181,676,"한국","메가박스중앙(주)플러스엠","제보자",20134589,"드라마","드라마"
"277",277,"거룩한 계보",20061019,37283613723,1744677,94,"한국","씨제이엔터테인먼트","거룩한계보",20060292,"드라마 액션","드라마"
"278",278,"전설의 주먹",20130410,12777314500,1744585,724,"한국","씨제이이앤엠(주)","전설의주먹",20125333,"드라마 액션","드라마"
"279",279,"연애의 목적",20050610,37074934287,1735977,75,"한국","씨제이엔터테인먼트","연애의목적",20050110,"드라마 코미디 멜로/로맨스","드라마"
"280",280,"엽기적인 그녀",20010726,36150699438,1735692,NA,"한국","(주)시네마서비스","엽기적인그녀",20010020,"코미디","코미디"
"281",281,"주먹이 운다(Crying Fist)",20050401,36141041709,1728477,71,"한국","쇼이스트(주)","주먹이운다(CryingFist)",20050049,"드라마","드라마"
"282",282,"러브픽션",20120229,13200412500,1726202,617,"한국","(주)넥스트엔터테인먼트월드(NEW)","러브픽션",20113916,"멜로/로맨스 코미디","멜로/로맨스"
"283",283,"평양성",20110127,12684530500,1717566,451,"한국","롯데쇼핑㈜롯데엔터테인먼트","평양성",20102415,"전쟁 코미디 드라마","전쟁"
"284",284,"파파로티",20130314,11825934000,1716429,552,"한국","(주)쇼박스","파파로티",20129368,"드라마","드라마"
"285",285,"쎄시봉",20150205,13570381911,1714803,829,"한국","씨제이이앤엠(주)","쎄시봉",20148188,"멜로/로맨스 코미디 드라마","멜로/로맨스"
"286",286,"님은 먼 곳에",20080724,11211235000,1706576,499,"한국","(주)쇼박스","님은먼곳에",20080764,"드라마 전쟁","드라마"
"287",287,"품행제로",20021226,36055232145,1694637,29,"한국","영화사청어람(주)","품행제로",20020239,"코미디","코미디"
"288",288,"조폭마누라3",20061228,35639753472,1690465,71,"한국","(주)쇼박스","조폭마누라3",20060357,"액션 코미디","액션"
"289",289,"불꽃처럼 나비처럼",20090924,12447633504,1690294,437,"한국","(주)쇼박스","불꽃처럼나비처럼",20090308,"멜로/로맨스 사극","멜로/로맨스"
"290",290,"알포인트",20040820,35357497092,1689000,42,"한국","(주)시네마서비스","알포인트",20040613,"전쟁","전쟁"
"291",291,"피끓는 청춘",20140122,11688382888,1676040,679,"한국","롯데쇼핑㈜롯데엔터테인먼트","피끓는청춘",20139881,"코미디 멜로/로맨스 드라마","코미디"
"292",292,"PMC: 더 벙커",20181226,14024838424,1671548,1081,"한국","씨제이이앤엠(주)","PMC:더벙커",20170658,"액션","액션"
"293",293,"공모자들",20120829,12240964500,1646142,496,"한국","씨너스엔터테인먼트(주),타임스토리그룹(주)","공모자들",20124063,"범죄 스릴러","범죄"
"294",294,"임금님의 사건수첩",20170426,12648793723,1634403,1054,"한국","씨제이이앤엠(주)","임금님의사건수첩",20161726,"코미디 어드벤처 액션","코미디"
"295",295,"고死 : 피의 중간고사",20080807,10299976000,1634051,270,"한국","에스케이텔레콤(주)","고死:피의중간고사",20081058,"공포(호러) 스릴러","공포(호러)"
"296",296,"걸캅스",20190509,13807476134,1628963,973,"한국","씨제이이앤엠(주)","걸캅스",20184082,"코미디 액션","코미디"
"297",297,"두근두근 내 인생",20140903,12291081634,1624601,629,"한국","씨제이이앤엠(주)","두근두근내인생",20134594,"드라마","드라마"
"298",298,"권순분여사 납치사건",20070912,35208968922,1619190,86,"한국","(주)시네마서비스","권순분여사납치사건",20070421,"코미디","코미디"
"299",299,"우아한 거짓말",20140313,11727360300,1618988,555,"한국","CGV아트하우스","우아한거짓말",20138226,"드라마","드라마"
"300",300,"무방비도시",20080110,10591349944,1613728,336,"한국","씨제이엔터테인먼트","무방비도시",20071064,"범죄 액션","범죄"
"301",301,"하울링",20120216,11765293500,1612554,550,"한국","씨제이이앤엠(주)","하울링",20110249,"범죄 드라마","범죄"
"302",302,"복면달호",20070214,34723900233,1611192,64,"한국","㈜스튜디오이쩜영","복면달호",20070020,"코미디 드라마","코미디"
"303",303,"사자",20190731,12917306145,1609737,1405,"한국","롯데컬처웍스(주)롯데엔터테인먼트","사자",20180442,"미스터리 액션 판타지 공포(호러)","미스터리"
"304",304,"신라의 달밤",20010623,34611103395,1608211,NA,"한국","(주)시네마서비스","신라의달밤",20010027,"코미디","코미디"
"305",305,"가문의 영광",20020912,34537534002,1605775,45,"한국","(주)시네마서비스","가문의영광",20020245,"코미디","코미디"
"306",306,"창궐",20181025,13275772490,1599290,1351,"한국","(주)넥스트엔터테인먼트월드(NEW)","창궐",20174981,"사극 액션","사극"
"307",307,"더 폰",20151022,12309164568,1593694,794,"한국","(주)넥스트엔터테인먼트월드(NEW)","더폰",20157464,"스릴러 액션","스릴러"
"308",308,"성난황소",20181122,13236490737,1593386,1010,"한국","(주)쇼박스","성난황소",20184481,"범죄 액션","범죄"
"309",309,"간 큰 가족",20050609,34099054983,1593038,75,"한국","(주)쇼박스","간큰가족",20050064,"코미디","코미디"
"310",310,"집으로...",20020404,33622639740,1576943,32,"한국","(주)팝엔터테인먼트,씨제이엔터테인먼트","집으로...",20020061,"드라마","드라마"
"311",311,"와일드 카드",20030516,32474359170,1571931,47,"한국","(주)시네마서비스","와일드카드",20030061,"범죄","범죄"
"312",312,"무적자",20100916,11816488677,1571432,416,"한국","씨제이엔터테인먼트","무적자",20100833,"드라마 액션","드라마"
"313",313,"원스어폰어타임",20080131,10180143111,1562486,315,"한국","(유)씨에이치엔터테인먼트","원스어폰어타임",20080011,"액션 코미디","액션"
"314",314,"야수와 미녀",20051027,32377472289,1561282,54,"한국","(주)쇼박스","야수와미녀",20050261,"코미디","코미디"
"315",315,"도어락",20181205,12803157486,1561258,954,"한국","메가박스중앙(주)플러스엠","도어락",20190145,"드라마","드라마"
"316",316,"마파도2",20070118,31195053648,1560297,66,"한국","씨제이엔터테인먼트","마파도2",20060407,"코미디","코미디"
"317",317,"용의자X",20121018,11241013000,1552055,553,"한국","씨제이이앤엠(주)","용의자X",20124057,"미스터리","미스터리"
"318",318,"클래식",20030130,31039480395,1545107,49,"한국","(주)시네마서비스","클래식",20030003,"드라마","드라마"
"319",319,"해바라기",20061123,30916776645,1543429,64,"한국","(주)쇼박스","해바라기",20131634,"기타","기타"
"320",320,"유감스러운 도시",20090122,10300187478,1534911,375,"한국","씨제이엔터테인먼트","유감스러운도시",20090014,"코미디 액션 범죄","코미디"
"321",321,"작전",20090212,10198304795,1534407,393,"한국","(주)쇼박스","작전",20090023,"범죄 드라마 스릴러","범죄"
"322",322,"S 다이어리",20041022,30874521249,1531840,58,"한국","씨제이엔터테인먼트,아이러브시네마","S다이어리",20040641,"코미디","코미디"
"323",323,"중천",20061221,30829200147,1531220,87,"한국","씨제이엔터테인먼트","중천",20060370,"액션 드라마 판타지","액션"
"324",324,"내사랑 싸가지",20040116,30638529846,1513000,33,"한국","(주)시네마서비스","내사랑싸가지",20030435,"코미디","코미디"
"325",325,"퍼펙트 게임",20111221,11220408500,1507084,413,"한국","롯데쇼핑㈜롯데엔터테인먼트","퍼펙트게임",20113260,"드라마","드라마"
"326",326,"리틀 포레스트",20180228,11924818185,1505560,884,"한국","메가박스중앙(주)플러스엠","리틀포레스트",20170841,"드라마","드라마"
"327",327,"더 게임",20080130,9869346557,1496214,339,"한국",NA,"더게임",20071675,"스릴러","스릴러"
"328",328,"부라더",20171102,11783109998,1492903,889,"한국","메가박스중앙(주)플러스엠","부라더",20172603,"코미디","코미디"
"329",329,"B형 남자친구",20050203,30540638682,1485454,47,"한국","롯데쇼핑㈜롯데엔터테인먼트","B형남자친구",20050008,"코미디","코미디"
"330",330,"나의 특별한 형제",20190501,12081618074,1478156,936,"한국","(주)넥스트엔터테인먼트월드(NEW)","나의특별한형제",20185784,"드라마 코미디","드라마"
"331",331,"해무(海霧)",20140813,11706502519,1475472,584,"한국","(주)넥스트엔터테인먼트월드(NEW)","해무(海霧)",20134082,"드라마","드라마"
"332",332,"차이나타운",20150429,11989400678,1472006,551,"한국","CGV아트하우스","차이나타운",20149266,"범죄 드라마","범죄"
"333",333,"스윙키즈",20181219,12081264892,1471247,984,"한국","(주)넥스트엔터테인먼트월드(NEW)","스윙키즈",20175547,"드라마","드라마"
"334",334,"홀리데이",20060119,30342492891,1458896,42,"한국","롯데쇼핑㈜롯데엔터테인먼트","홀리데이",20050349,"드라마 스릴러 범죄","드라마"
"335",335,"각설탕",20060810,30319990911,1446820,65,"한국","씨제이엔터테인먼트","각설탕",20060214,"드라마","드라마"
"336",336,"인간중독",20140514,11284787400,1441964,682,"한국","(주)넥스트엔터테인먼트월드(NEW)","인간중독",20133322,"멜로/로맨스 드라마","멜로/로맨스"
"337",337,"궁녀",20071018,29534649156,1438531,83,"한국","(주)시네마서비스","궁녀",20070497,"미스터리 스릴러","미스터리"
"338",338,"주홍글씨",20041029,29433563919,1437549,76,"한국","(주)쇼박스","주홍글씨",20040671,"스릴러 멜로/로맨스","스릴러"
"339",339,"탐정 홍길동: 사라진 마을",20160504,11514389845,1430666,764,"한국","씨제이이앤엠(주)","탐정홍길동:사라진마을",20142406,"드라마 액션","드라마"
"340",340,"런닝맨",20130404,10060239500,1422844,567,"한국","이십세기폭스코리아(주)","런닝맨",20177423,"드라마","드라마"
"341",341,"조폭마누라",20010927,29300205708,1419972,NA,"한국",NA,"조폭마누라",20010014,"코미디","코미디"
"342",342,"검은 집",20070621,29237585265,1408882,71,"한국","씨제이엔터테인먼트","검은집",20194421,"기타","기타"
"343",343,"구르믈 버서난 달처럼",20100428,10408565262,1407681,509,"한국","에스케이텔레콤(주)","구르믈버서난달처럼",20090931,"사극 액션","사극"
"344",344,"허브",20070111,29067068583,1406199,57,"한국","(주)쇼박스","허브",20060412,"드라마","드라마"
"345",345,"똥개",20030716,29064455937,1394000,39,"한국","쇼이스트(주)","똥개",20030091,"드라마","드라마"
"346",346,"기억의 밤",20171129,10652346660,1387599,751,"한국","메가박스중앙(주)플러스엠,주식회사 키위컴퍼니","기억의밤",20173581,"미스터리 스릴러","미스터리"
"347",347,"골든슬럼버",20180214,11412768798,1387508,833,"한국","씨제이이앤엠(주)","골든슬럼버",20168250,"범죄 드라마","범죄"
"348",348,"역도산",20041215,28613162871,1386179,70,"한국","씨제이엔터테인먼트","역도산",20040682,"드라마","드라마"
"349",349,"브이아이피",20170823,10956621835,1373316,996,"한국","워너브러더스 코리아(주)","브이아이피",20164174,"범죄 드라마","범죄"
"350",350,"분홍신",20050630,28539404703,1371122,54,"한국","(주)쇼박스","분홍신",20050135,"공포(호러)","공포(호러)"
"351",351,"특별시민",20170426,10494768945,1362634,1154,"한국","(주)쇼박스","특별시민",20162871,"드라마","드라마"
"352",352,"차형사",20120530,9752555296,1346754,433,"한국","씨제이이앤엠(주)","차형사",20124065,"코미디 액션","코미디"
"353",353,"은교",20120425,9917728000,1346274,521,"한국","롯데쇼핑㈜롯데엔터테인먼트","은교",20124066,"멜로/로맨스","멜로/로맨스"
"354",354,"궁합",20180228,10478875438,1340117,966,"한국","씨제이이앤엠(주)","궁합",20150969,"코미디 드라마","코미디"
"355",355,"미스터 고",20130717,9337990000,1328890,840,"한국","(주)쇼박스","미스터고",20124082,"코미디 드라마","코미디"
"356",356,"청담보살",20091111,9687687439,1321005,404,"한국","(주)넥스트엔터테인먼트월드(NEW)","청담보살",20090590,"멜로/로맨스 코미디","멜로/로맨스"
"357",357,"사라진 밤",20180307,10697981316,1315726,925,"한국","씨네그루(주)키다리이엔티","사라진밤",20178781,"스릴러","스릴러"
"358",358,"싸움의 기술",20060105,28353876633,1313727,54,"한국","씨제이엔터테인먼트","싸움의기술",20190972,"액션","액션"
"359",359,"간첩",20120920,9316548500,1310895,576,"한국","롯데쇼핑㈜롯데엔터테인먼트","간첩",20124400,"드라마 코미디 액션","드라마"
"360",360,"장산범",20170817,10341783083,1306438,711,"한국","(주)넥스트엔터테인먼트월드(NEW)","장산범",20151003,"미스터리 스릴러","미스터리"
"361",361,"만남의 광장",20070815,28136037834,1306434,52,"한국","(주)쇼박스","만남의광장",20070089,"코미디","코미디"
"362",362,"못말리는 결혼",20070510,27773755956,1304431,70,"한국","롯데쇼핑㈜롯데엔터테인먼트","못말리는결혼",20070151,"코미디","코미디"
"363",363,"최강로맨스",20070125,27561150000,1299274,51,"한국","(주)쇼박스","최강로맨스",20060417,"멜로/로맨스 코미디","멜로/로맨스"
"364",364,"킹콩을 들다",20090701,8597263166,1277800,411,"한국","(주)넥스트엔터테인먼트월드(NEW)","킹콩을들다",20090336,"드라마","드라마"
"365",365,"달마야, 서울 가자",20040709,27084900879,1272000,54,"한국","(주)시네마서비스","달마야,서울가자",20040595,"코미디","코미디"
"366",366,"달콤한 인생",20050401,26929403136,1271595,82,"한국","씨제이엔터테인먼트","달콤한인생",20050017,"액션","액션"
"367",367,"황진이",20070606,26600262597,1270644,106,"한국","(주)시네마서비스","황진이",20070128,"드라마 멜로/로맨스","드라마"
"368",368,"이장과 군수",20070329,26160560316,1269142,65,"한국","씨제이엔터테인먼트","이장과군수",20070084,"코미디","코미디"
"369",369,"즐거운 인생",20070913,26124798780,1263835,82,"한국","씨제이엔터테인먼트","즐거운인생",20070380,"드라마","드라마"
"370",370,"미스터 소크라테스",20051110,26053253055,1261965,52,"한국","롯데쇼핑㈜롯데엔터테인먼트","미스터소크라테스",20050280,"액션","액션"
"371",371,"달마야 놀자",20011108,25943733351,1253075,NA,"한국",NA,"달마야놀자",20010010,"코미디","코미디"
"372",372,"간기남",20120411,9356404500,1246185,356,"한국","(주)쇼박스","간기남",20124032,"코미디 스릴러","코미디"
"373",373,"유열의 음악앨범",20190828,10233455040,1245532,1078,"한국","CGV아트하우스","유열의음악앨범",20181416,"멜로/로맨스 드라마","멜로/로맨스"
"374",374,"신부수업",20040805,25809642693,1242476,56,"한국","코리아픽쳐스(주)","신부수업",20040612,"드라마 멜로/로맨스","드라마"
"375",375,"특별수사: 사형수의 편지",20160616,9929947065,1241899,691,"한국","(주)넥스트엔터테인먼트월드(NEW)","특별수사:사형수의편지",20159645,"범죄 드라마","범죄"
"376",376,"퍼펙트맨",20191002,10311352770,1240022,894,"한국","(주)쇼박스","퍼펙트맨",20184483,"코미디 드라마","코미디"
"377",377,"행복",20071003,25734895344,1239789,89,"한국","(주)쇼박스","행복",20070433,"드라마 멜로/로맨스","드라마"
"378",378,"육혈포 강도단",20100318,8784927671,1233582,319,"한국","롯데쇼핑㈜롯데엔터테인먼트","육혈포강도단",20090939,"코미디 드라마 액션","코미디"
"379",379,"천군",20050715,25590603285,1232992,58,"한국","(주)쇼박스","천군",20050141,"액션","액션"
"380",380,"텔미썸딩",19991113,25565466006,1230000,NA,"한국","(주)시네마서비스","텔미썸딩",19990059,"스릴러 미스터리","스릴러"
"381",381,"심야의 F.M.",20101014,9328562568,1228673,422,"한국","롯데쇼핑㈜롯데엔터테인먼트","심야의F.M.",20100302,"스릴러 범죄","스릴러"
"382",382,"두사부일체",20011208,25404282360,1228142,NA,"한국","씨제이엔터테인먼트","두사부일체",20010052,"코미디","코미디"
"383",383,"찌라시: 위험한 소문",20140220,9111648087,1221420,560,"한국","씨제이이앤엠(주)","찌라시:위험한소문",20139401,"범죄 드라마","범죄"
"384",384,"결혼전야",20131121,8444337719,1214836,524,"한국","씨너스엔터테인먼트(주)","결혼전야",20145484,"드라마","드라마"
"385",385,"깡철이",20131002,8572344462,1209363,707,"한국","씨제이이앤엠(주)","깡철이",20123381,"드라마 액션 가족","드라마"
"386",386,"악녀",20170608,9739662144,1208081,685,"한국","(주)넥스트엔터테인먼트월드(NEW)","악녀",20162343,"액션","액션"
"387",387,"인사동 스캔들",20090429,7900084842,1206101,314,"한국","에스케이텔레콤(주)","인사동스캔들",20090225,"드라마 범죄 액션","드라마"
"388",388,"해빙",20170301,9905406822,1204600,915,"한국","롯데쇼핑㈜롯데엔터테인먼트","해빙",20150971,"스릴러","스릴러"
"389",389,"그녀를 믿지 마세요",20040220,24769114893,1204000,43,"한국","(주)시네마서비스","그녀를믿지마세요",20040446,"코미디","코미디"
"390",390,"형사 Duelist",20050908,24080826141,1203146,88,"한국","코리아픽쳐스(주)","형사Duelist",20050216,"멜로/로맨스 액션","멜로/로맨스"
"391",391,"시간이탈자",20160413,9731838195,1202384,733,"한국","씨제이이앤엠(주)","시간이탈자",20142621,"스릴러","스릴러"
"392",392,"R2B: 리턴투베이스",20120815,8602921371,1201944,539,"한국","씨제이이앤엠(주)","R2B:리턴투베이스",20124049,"액션 드라마","액션"
"393",393,"더 웹툰: 예고살인",20130627,8534322070,1201033,541,"한국","씨제이이앤엠(주)","더웹툰:예고살인",20129114,"공포(호러) 스릴러","공포(호러)"
"394",394,"생일",20190403,9879762840,1196694,862,"한국","(주)넥스트엔터테인먼트월드(NEW)","생일",20183096,"드라마","드라마"
"395",395,"짝패",20060525,23807336472,1196520,50,"한국","씨제이엔터테인먼트","짝패",20060134,"액션","액션"
"396",396,"바람 바람 바람",20180405,9784385375,1194229,985,"한국","(주)넥스트엔터테인먼트월드(NEW)","바람바람바람",20153447,"코미디","코미디"
"397",397,"파송송 계란탁",20050218,23781874500,1193150,48,"한국","씨제이엔터테인먼트","파송송계란탁",20050011,"코미디","코미디"
"398",398,"몽정기2",20050114,23776196148,1188815,41,"한국","롯데쇼핑㈜롯데엔터테인먼트","몽정기2",20040774,"코미디","코미디"
"399",399,"힘을 내요, 미스터 리",20190911,9930518906,1181960,990,"한국","(주)넥스트엔터테인먼트월드(NEW)","힘을내요,미스터리",20187322,"코미디 드라마","코미디"
"400",400,"빅매치",20141127,8952096578,1177438,627,"한국","(주)넥스트엔터테인먼트월드(NEW)","빅매치",20134590,"액션","액션"
"401",401,"여선생 VS 여제자",20041117,23757084567,1175580,55,"한국","씨제이엔터테인먼트","여선생VS여제자",20040657,"코미디","코미디"
"402",402,"서양 골동 양과자점 앤티크",20081113,7367880833,1173310,451,"한국","오퍼스픽쳐스(유),(주)쇼박스","서양골동양과자점앤티크",20080637,"드라마","드라마"
"403",403,"슬로우 비디오",20141002,8913092219,1169562,618,"한국","이십세기폭스코리아(주)","슬로우비디오",20135386,"드라마 코미디","드라마"
"404",404,"동주",20160217,8870143589,1169335,499,"한국","메가박스중앙(주)플러스엠","동주",20158482,"드라마","드라마"
"405",405,"당신, 거기 있어줄래요",20161214,9361133648,1168625,767,"한국","롯데쇼핑㈜롯데엔터테인먼트","당신,거기있어줄래요",20152371,"판타지 드라마","판타지"
"406",406,"돈의 맛",20120517,8780178611,1166018,643,"한국","(주)시너지하우스 (시너지),롯데쇼핑㈜롯데엔터테인먼트","돈의맛",20124064,"드라마","드라마"
"407",407,"장수상회",20150409,8729412643,1163575,688,"한국","씨제이이앤엠(주)","장수상회",20140703,"멜로/로맨스 드라마","멜로/로맨스"
"408",408,"연애술사",20050520,23734658097,1163274,55,"한국","씨제이엔터테인먼트","연애술사",20050083,"멜로/로맨스 코미디","멜로/로맨스"
"409",409,"공공의 적",20020124,23652148320,1161500,54,"한국","(주)시네마서비스","공공의적",20020065,"범죄 액션","범죄"
"410",410,"가문의 영광5 - 가문의 귀환",20121219,8330342500,1160021,447,"한국","롯데쇼핑㈜롯데엔터테인먼트","가문의영광5-가문의귀환",20128687,"코미디","코미디"
"411",411,"미씽: 사라진 여자",20161130,8881616256,1153109,790,"한국","메가박스중앙(주)플러스엠","미씽:사라진여자",20153741,"미스터리","미스터리"
"412",412,"용서는 없다",20100107,8737627361,1144238,334,"한국","(주)시네마서비스","용서는없다",20090888,"범죄 스릴러","범죄"
"413",413,"안녕, 형아",20050527,23597396019,1143136,45,"한국","(주)시네마서비스","안녕,형아",20050045,"드라마","드라마"
"414",414,"고령화 가족",20130509,8169492153,1141222,583,"한국","씨제이이앤엠(주)","고령화가족",20120426,"드라마 코미디","드라마"
"415",415,"장사리 : 잊혀진 영웅들",20190925,8997921050,1140876,1090,"한국","워너브러더스 코리아(주)","장사리:잊혀진영웅들",20193601,"전쟁","전쟁"
"416",416,"김종욱 찾기",20101208,8271660983,1130638,442,"한국","씨제이엔터테인먼트","김종욱찾기",20101200,"멜로/로맨스 드라마","멜로/로맨스"
"417",417,"하루",20170615,9072737842,1129609,781,"한국","CGV아트하우스","하루",20166384,"스릴러","스릴러"
"418",418,"챔피언",20180501,9471138230,1128774,874,"한국","워너브러더스 코리아(주)","챔피언",20189783,"드라마","드라마"
"419",419,"성난 변호사",20151008,8723650039,1128288,607,"한국","씨제이이앤엠(주)","성난변호사",20142855,"범죄 액션","범죄"
"420",420,"6년째 연애중",20080205,7460438000,1123294,327,"한국","(주)스튜디오210","6년째연애중",20070548,"멜로/로맨스 드라마","멜로/로맨스"
"421",421,"아랑",20060628,23551742673,1122399,46,"한국","롯데쇼핑㈜롯데엔터테인먼트","아랑",20060157,"공포(호러)","공포(호러)"
"422",422,"특수본",20111124,8096052500,1118258,471,"한국","(주)시너지하우스 (시너지),롯데쇼핑㈜롯데엔터테인먼트","특수본",20110906,"액션 범죄","액션"
"423",423,"회사원",20121011,8321175000,1110523,549,"한국","(주)쇼박스","회사원",20113886,"액션 드라마","액션"
"424",424,"간신",20150521,8946842910,1110246,697,"한국","롯데쇼핑㈜롯데엔터테인먼트","간신",20142402,"사극","사극"
"425",425,"령",20040617,23527156617,1108769,35,"한국","(주)쇼박스","령",20040571,"공포(호러)","공포(호러)"
"426",426,"베스트셀러",20100415,8110824681,1099665,317,"한국","(주)시너지하우스 (시너지)","베스트셀러",20100131,"미스터리 스릴러 드라마","미스터리"
"427",427,"지금 사랑하는 사람과 살고 있습니까?",20070815,23422446900,1095119,76,"한국","(주)시네마서비스","지금사랑하는사람과살고있습니까?",20070367,"드라마 멜로/로맨스","드라마"
"428",428,"롱 리브 더 킹: 목포 영웅",20190619,9228798910,1094404,965,"한국","메가박스중앙(주)플러스엠,(주)콘텐츠 난다긴다","롱리브더킹:목포영웅",20198453,"액션 드라마","액션"
"429",429,"그때 그 사람들",20050203,23336116317,1083962,45,"한국","(주)엠케이픽처스","그때그사람들",20050007,"미스터리 코미디","미스터리"
"430",430,"내 남자의 로맨스",20040716,23170575744,1083556,47,"한국","씨제이엔터테인먼트","내남자의로맨스",20040585,"드라마","드라마"
"431",431,"오! 해피데이",20030418,23104640412,1073230,47,"한국","(주)시네마서비스","오!해피데이",20030120,"코미디","코미디"
"432",432,"오빠생각",20160121,8058857287,1069436,855,"한국","(주)넥스트엔터테인먼트월드(NEW)","오빠생각",20158483,"드라마 전쟁","드라마"
"433",433,"새드무비",20051020,23039112834,1066765,87,"한국","롯데쇼핑㈜롯데엔터테인먼트,아이러브시네마","새드무비",20050256,"드라마","드라마"
"434",434,"날, 보러와요",20160407,8836039063,1063421,683,"한국","메가박스중앙(주)플러스엠","날,보러와요",20152782,"미스터리 스릴러","미스터리"
"435",435,"수상한 고객들",20110414,7953428000,1059350,411,"한국","씨제이이앤엠(주)","수상한고객들",20119974,"코미디 드라마","코미디"
"436",436,"남극일기",20050519,22986255834,1057311,78,"한국","(주)쇼박스","남극일기",20050046,"스릴러","스릴러"
"437",437,"동창생",20131106,7010197126,1048280,660,"한국","(주)쇼박스","동창생",20127595,"액션 드라마","액션"
"438",438,"시크릿",20091203,7979591607,1046787,397,"한국","씨제이엔터테인먼트","시크릿",20181806,"드라마","드라마"
"439",439,"그놈이다",20151028,8098811152,1046313,681,"한국","CGV아트하우스","그놈이다",20157465,"스릴러","스릴러"
"440",440,"마음이...",20061026,22946492268,1042166,66,"한국","(주)쇼박스","마음이...",20060279,"드라마","드라마"
"441",441,"점박이:한반도의 공룡3D",20120126,9621468000,1040636,457,"한국","씨제이이앤엠(주)","점박이:한반도의공룡3D",20100215,"애니메이션 어드벤처 액션","애니메이션"
"442",442,"서편제",19930410,22918160916,1035741,16,"한국",NA,"서편제",19930025,"드라마 사극","드라마"
"443",443,"파괴된 사나이",20100701,7820538614,1030285,190,"한국","(주)시너지하우스 (시너지)","파괴된사나이",20100353,"드라마 스릴러","드라마"
"444",444,"오직 그대만",20111020,7591008500,1027622,435,"한국","(주)쇼박스","오직그대만",20112589,"멜로/로맨스","멜로/로맨스"
"445",445,"이중간첩",20030124,22755112173,1025928,53,"한국","(주)쇼박스","이중간첩",20030002,"스릴러","스릴러"
"446",446,"우아한 세계",20070405,22723647156,1025781,103,"한국","롯데쇼핑㈜롯데엔터테인먼트","우아한세계",20070072,"액션","액션"
"447",447,"김관장 대 김관장 대 김관장",20070208,22517248122,1025618,76,"한국","(주)쇼박스","김관장대김관장대김관장",20070021,"코미디","코미디"
"448",448,"데이지",20060309,22437607725,1023096,90,"한국","(주)쇼박스","데이지",20050350,"멜로/로맨스","멜로/로맨스"
"449",449,"야수",20060112,22377003399,1016152,87,"한국","(주)쇼박스","야수",20050345,"액션","액션"
"450",450,"심장이 뛴다",20110105,7538083500,1006947,445,"한국","롯데쇼핑㈜롯데엔터테인먼트","심장이뛴다",20101399,"드라마","드라마"
"451",451,"분신사바",20040805,22238729487,1001125,40,"한국","브에나비스타인터내셔널코리아","분신사바",20040593,"공포(호러)","공포(호러)"
"452",452,"염력",20180131,7484644112,990104,1099,"한국","(주)넥스트엔터테인먼트월드(NEW)","염력",20168323,"드라마 코미디","드라마"
"453",453,"방황하는 칼날",20140410,7828526800,989881,594,"한국","씨제이이앤엠(주)","방황하는칼날",20129787,"범죄 스릴러","범죄"
"454",454,"강력 3반",20050929,22138754247,989573,41,"한국","롯데쇼핑㈜롯데엔터테인먼트","강력3반",20050233,"액션","액션"
"455",455,"미쓰 와이프",20150813,7387086869,988451,437,"한국","메가박스중앙(주)플러스엠","미쓰와이프",20143513,"코미디","코미디"
"456",456,"시체가 돌아왔다",20120329,7360631000,986923,435,"한국","씨제이이앤엠(주)","시체가돌아왔다",20124051,"범죄 드라마","범죄"
"457",457,"원더풀 라디오",20120105,7255598000,986287,474,"한국","(주)쇼박스","원더풀라디오",20113671,"드라마 멜로/로맨스","드라마"
"458",458,"전국노래자랑",20130501,6685476000,977873,581,"한국","롯데쇼핑㈜롯데엔터테인먼트","전국노래자랑",20121549,"코미디 드라마","코미디"
"459",459,"내 사랑",20071218,432940833,977401,56,"한국","(주)쇼박스","내사랑",20070639,"멜로/로맨스 드라마","멜로/로맨스"
"460",460,"돈 크라이 마미",20121122,6808882099,975462,444,"한국","(주)에스비에스콘텐츠허브","돈크라이마미",20124348,"스릴러 드라마","스릴러"
"461",461,"바보",20080228,6301818833,974554,263,"한국","씨제이엔터테인먼트","바보",20072151,"드라마","드라마"
"462",462,"고산자, 대동여지도",20160907,7801007258,974262,765,"한국","씨제이이앤엠(주)","고산자,대동여지도",20159648,"사극","사극"
"463",463,"우리는 형제입니다",20141023,7263255399,970373,566,"한국","(주)쇼박스","우리는형제입니다",20148842,"코미디 드라마","코미디"
"464",464,"천문: 하늘에 묻는다",20191226,7808242950,965624,1198,"한국","롯데컬처웍스(주)롯데엔터테인먼트","천문:하늘에묻는다",20184571,"사극","사극"
"465",465,"나랏말싸미",20190724,7871240823,958775,1211,"한국","메가박스중앙(주)플러스엠","나랏말싸미",20182490,"사극","사극"
"466",466,"백야행",20091119,7170684217,956767,398,"한국","(주)시네마서비스","백야행",20090305,"멜로/로맨스 미스터리 범죄 스릴러","멜로/로맨스"
"467",467,"허삼관",20150114,7405415569,955175,621,"한국","(주)넥스트엔터테인먼트월드(NEW)","허삼관",20131262,"드라마","드라마"
"468",468,"점쟁이들",20121003,6731202500,953682,479,"한국","(주)넥스트엔터테인먼트월드(NEW)","점쟁이들",20113887,"코미디 공포(호러)","코미디"
"469",469,"불한당: 나쁜 놈들의 세상",20170517,7654331125,951797,860,"한국","씨제이이앤엠(주)","불한당:나쁜놈들의세상",20164844,"범죄 액션 드라마","범죄"
"470",470,"상사부일체",20070919,22083375213,947510,64,"한국","이십세기폭스코리아(주)","상사부일체",20070383,"코미디 액션","코미디"
"471",471,"오로라 공주",20051027,21878848827,946372,47,"한국","(주)시네마서비스","오로라공주",20050271,"범죄 스릴러","범죄"
"472",472,"GP 506",20080403,6316842000,945185,355,"한국","(주)쇼박스","GP506",20072148,"공포(호러) 미스터리 스릴러","공포(호러)"
"473",473,"낭만자객",20031205,21822390000,940134,44,"한국","씨제이엔터테인먼트","낭만자객",20030400,"코미디","코미디"
"474",474,"평행이론",20100218,6905140883,937029,272,"한국","씨제이엔터테인먼트","평행이론",20090160,"스릴러 액션 드라마 미스터리","스릴러"
"475",475,"투 가이즈",20040709,21641317020,931000,39,"한국","쇼이스트(주)","투가이즈",20040567,"코미디","코미디"
"476",476,"뽀로로 극장판 슈퍼썰매 대모험",20130123,6819979500,929985,459,"한국","씨제이이앤엠(주)","뽀로로극장판슈퍼썰매대모험",20123681,"애니메이션","애니메이션"
"477",477,"불어라 봄바람",20030904,21601795086,924190,41,"한국","(주)시네마서비스","불어라봄바람",20030132,"코미디","코미디"
"478",478,"영어완전정복",20031105,21458341188,917782,50,"한국","(주)시네마서비스","영어완전정복",20030153,"드라마 코미디","드라마"
"479",479,"크로싱",20080626,5657365667,907255,303,"한국","(주)벤티지홀딩스","크로싱",20080663,"드라마","드라마"
"480",480,"예의없는 것들",20060824,21301136919,904802,52,"한국","롯데쇼핑㈜롯데엔터테인먼트","예의없는것들",20060225,"액션 코미디","액션"
"481",481,"마이 파더",20070906,20925603036,902090,83,"한국","롯데쇼핑㈜롯데엔터테인먼트","마이파더",20070381,"드라마 가족","드라마"
"482",482,"인랑",20180725,6994748173,897548,1085,"한국","워너브러더스 코리아(주)","인랑",20170942,"SF 액션","SF"
"483",483,"누구나 비밀은 있다",20040730,20889358236,896000,50,"한국","(주)시네마서비스","누구나비밀은있다",20040624,"코미디 멜로/로맨스","코미디"
"484",484,"방과후 옥상",20060316,20768700807,891417,44,"한국","(주)시네마서비스","방과후옥상",20060046,"코미디","코미디"
"485",485,"돈 텔 파파",20040903,20628033228,880744,32,"한국","씨제이엔터테인먼트","돈텔파파",20040659,"코미디","코미디"
"486",486,"극장판 헬로카봇 : 백악기 시대",20180801,6589532500,879449,758,"한국","(주)넥스트엔터테인먼트월드(NEW)","극장판헬로카봇:백악기시대",20186501,"애니메이션","애니메이션"
"487",487,"고死 두 번째 이야기: 교생실습",20100728,5901045987,872594,320,"한국","(주)넥스트엔터테인먼트월드(NEW)","고死두번째이야기:교생실습",20100326,"공포(호러) 스릴러","공포(호러)"
"488",488,"킬러들의 수다",20011012,20612780208,871125,NA,"한국","(주)시네마서비스","킬러들의수다",20010015,"코미디","코미디"
"489",489,"체포왕",20110504,6413325500,870887,407,"한국","롯데쇼핑㈜롯데엔터테인먼트","체포왕",20119619,"코미디 액션","코미디"
"490",490,"열한시",20131128,6097792000,870785,512,"한국","씨제이이앤엠(주)","열한시",20124402,"스릴러","스릴러"
"491",491,"미확인 동영상 : 절대클릭금지",20120530,5939840500,867386,361,"한국","(주)쇼박스","미확인동영상:절대클릭금지",20110312,"공포(호러)","공포(호러)"
"492",492,"투캅스",19931218,20471297121,860433,2,"한국",NA,"투캅스",19930041,"코미디 액션 드라마","코미디"
"493",493,"맹부삼천지교",20040326,20227966146,860044,31,"한국","씨제이엔터테인먼트","맹부삼천지교",20040482,"코미디","코미디"
"494",494,"숙명",20080320,5680873500,858215,341,"한국","씨제이엔터테인먼트","숙명",20080226,"드라마 액션","드라마"
"495",495,"무사",20010906,20203146009,857148,NA,"한국",NA,"무사",20010017,"드라마 액션","드라마"
"496",496,"2009로스트메모리즈",20020201,20075005539,856150,59,"한국","씨제이엔터테인먼트","2009로스트메모리즈",20020063,"SF 액션 드라마","SF"
"497",497,"올드미스다이어리",20061221,19906852320,856090,42,"한국","롯데쇼핑㈜롯데엔터테인먼트","올드미스다이어리",20060396,"코미디","코미디"
"498",498,"살인의뢰",20150312,6986456737,855980,646,"한국","씨네그루(주)다우기술","살인의뢰",20148461,"범죄 스릴러","범죄"
"499",499,"좋아해줘",20160217,6572774337,848148,637,"한국","씨제이이앤엠(주)","좋아해줘",20150977,"멜로/로맨스 코미디","멜로/로맨스"
"500",500,"만추",20110217,6300514500,844103,444,"한국","씨제이엔터테인먼트","만추",20198341,"드라마","드라마"
